ID,Age
346C43F99745BF670727C215357EE1EB,1
81F02C421C2C9BF565F201F8B1F1A431,1
314E916079024A346F121C89E6212BC3,1
BD9E914ABB7730C219BAB2181881C8A3,3
26FDE3CFDE21FA6E38C5C10F782E82EE,2
1E8D4D574AA50378C38409B23FD656C0,3
25F8F8CA56D11105F2615CBA313CF022,1
2E6C2D1D22D8115418393F2D059CA646,1
0863A9AEAD1F343043659D34D54BFB86,1
7A99021D50A35105A35D8DEFA9E9EE80,1
25BC2FB9AF891EDD299EA762F3899850,1
2D0DA9921FB6737108CF43D5BB35B348,1
511E1D6A47552083B18431C4EAA280C0,4
BFB9A700608D42622C884671A9F6BAC7,1
20263AA4AE93DACBDD7558B6094B1C7A,3
6ED9520FD75593867EFD22FAD59FED57,4
DA8C8167849A38CEFBFCA0C75D368E5B,1
871E341DC3E3FCDB26121BD1E8CDBBA9,2
F3D98F027DB38E7BA02E0BF97EF30230,1
C811991EDA818844C145381BCABD397C,1
800F08F3486A1D26611EFC2B6F251745,3
2423B420EACD92F1DED09A865B047404,1
B8E2DF2A66CD13190941918D67EFDA6F,1
407E922CDE5467ECBCE07C0EEE1621F2,2
EC7F55D23116F6ECB68248E9C9AA778D,4
E970F3A658A59DBC61981B3BE07F7103,3
E95E91660F6D121F5003246E0A072E1E,1
F3EAAD5E76EBCA65324228046BEA1A9C,2
F274C16A783946CD3DD27CB51DD1F321,3
5AB7E16C24DA7CDD5394BB40C1D243C8,1
AEE8B61E74E5C0B90E3D730109A91072,3
C7C6C7F30CA00E4C7359E7D9F9DC72EA,2
C8B08640619750BC5BDB94FB06EE6522,2
5FE28EA94319EED632D8FAC70E1EFC4B,3
761D6447F83B0E7C2F30A5B9DD5BB0B8,2
C21B4C9F249FDED82231D2EE69D5FFCF,1
A0CC81A9A9DBCF37FAB606DD956CBEC2,2
4A556F2C8CE16840E81D45092B59366B,3
A943FE248C17139644863E8F37EC4607,1
7C0471C6E8FD3686518B93C1340C9B00,2
85D7AA3B19EF8284E3910E832D0DC259,3
417EBFBE7088E6575CBE483D9F00E800,1
FD486CE43AAF26D81EEF0F513FB6FF41,2
E694D4598371F76FA10789A299BC06F6,2
62AF8AD6D46AEE96CC83AF7308975B27,1
AF7FAE235397F51D8E161561090D2285,1
FB9BDF0CD57BEBB8A0042EC1A6742A0A,1
ED5520A7F99E4EEB58C7DDF49DB77091,2
2AA88C99EE89D9687DEAED784214DD8E,3
020562F95B7D999F26E1FF58B1AFA0A5,2
B32D1E4E643B0D60EEC30692059F160F,1
6C56838DE642CFB5B19F6D67B5DC662F,3
9DC3CCFE89D835EB3950DE0A9686545F,3
852CDF05BEC9CB98D7B8630C5695AF7F,1
A331E98784F645CE2A3F5EA2B8ABD0CE,2
35DA3AF977DBCF7920E74C1015CAB9AF,3
F2D9F171EC948AA19797693B4BC01F86,3
247A93E1D8A1C2B07ADEED6FD445267E,2
0D2211C1B29122065E1CCD1DC0C649EC,2
FC56587D6675470795044FC458F3AA33,1
2348A5A97264D880FD15900C0B2B66B6,4
6BEC5FEC6ADE7ED1E426920E6FC10851,2
1C5B46902D93B7BD683EB228AB290A35,3
B06D03125C3984DAE8A7DA989BBEE478,1
C62C6E60AFBB2A6B7A682081A3F74D13,3
1E9A8BCEAC53394698278EDFAAC0CE8B,1
D41CFCF11190E863C9E74A44521E3644,2
1D23EE47CB51D9E8A81B12DD278A282C,1
0F9E994E877745690EEA9DD2D78D8902,1
F7B423038D8F785E7927AD3216B9B956,1
83FAEBBB4DF12B336888C1ECB8B70EE3,1
6A3E787D481D6520C598EEF0E2C0AAE7,1
B55BAB6FF9277DCA238BFC6FC6F92C86,2
08D7F91C07F67DA9A8668360A253187C,3
6CA1FA1770094513A590C1D6822B6A70,1
C168F7DA8480312D2EF91FD80C054049,1
50498A3DDA6B2B3A8A6B0859B87CAF2E,1
EC7E1CF24728C741517C6775DFDA43D1,1
66272D300CAE0D00FEFFFC082B0C6461,1
967971EE65D78A92C8979DC32383CDB5,1
03D4665C0162C9C48BB1D00C08F1D35A,1
19093BDA7E05FCFC3014DD4B920FBEDE,2
EF9A2A12B64A93FC0C7A654743B31A23,3
C9D7A7134064F7387869D7B56BDE9795,1
2335762D828A52CEDD1330A00C17F072,1
01C39C6C98695749AE4A513BFD8C1820,1
11A7BE5CD359333F06FDEEA7F5226476,1
6B4AA01EBEE75B56723DAEC92B2040BA,2
712B502EEF54F1C716754F4CA1407F6A,1
CB81FF078F15A3B607388530594D0230,1
BC14E00172AEA10C086AC226DBC98C0B,1
2F6F033F0E461C74CE1205D7C086ACD2,2
5F637C997EDBBADB648CE263636D5FCA,1
EF8B5CC95ED0D5D36CD635845277C753,2
43E89213FB4DA2869598D2AF248EB556,1
05BB66913F2F51EC77C8AC075603AB89,3
D1016045516553F8CD3EBFC095B6717E,1
AFD75CCE09309EFCB862979F9B31DE9A,1
5071DAE67BC3CA902C115B4FFD9DCA24,1
223EF68F7FA52FAAB12B9BC43E7250B0,1
F732DA55B8BA233875E0466F1A9FDFC8,2
3CDB17D5B6445A115FEFC1FB33DD8E1F,3
02182356DB5CC3ABF7FA1AEC84721633,2
EAD022F4D7B26E1E0AE4933731EB9666,2
D79C42437FD858D6D25486B32E6AB389,3
F61C31F64F36D463E1643B7FB53D86F7,2
C26825DEBA4D06FB0828215632BAF6DB,2
540AF838D193652C93A5E4DA4A55417E,1
2BFF806E6179E7FFF0ED5DCB059A8D33,1
87D7F1208CC5071ED799E87748D103AD,1
B93AF6A1A7AEAF61C77C6AFEBBF02ECD,1
DDE1AFCF69FE39C5AA4F04DB3A91A028,4
A4077999A574A4B513C4C9A872F269FC,1
2F00105FA4D781B8E0ADECD3C949DD8F,2
69CCDBB5DBC8890E0B72E1230AA96591,3
8EAC9F7C9E247592898D3D2E9CBB3C94,3
3573E0302FB7E126F0FA062707C7BDFE,1
75F7F8E34B28C1D25ED52ED070F0D867,1
C2E26D81BD6643240A3A0B69DDDCB014,1
C7C8EE1536B33EDBD16E7DC853DDD7D7,1
3B4233D33A7785E9668765A6DD93B2A7,1
386B245A2B55902827EE96D34E3F053C,1
2B814E23A9BAA686382338B91C6EEB77,1
A4A57CFE7B389B98608035E21BF8C156,2
06874722672A75D4A46ECCE54488A1BE,2
5DB37E39CB1D3B99FC64A1110FB5F2AF,1
1225727B2359AEBB3335BEF15D118012,3
5F236889D3839B9FD7DDE3B4A9A7F199,1
FE42B0FB15AF91A2DFD755E5DBF1FC60,2
BE6B2699CF689D4FBDD80AE471AC10AD,2
038C908121C5CC2417BCC8BF35CB4F02,2
6501BECCF9A688A185493043F20ADC4F,1
64F710ADF699BD6E3C858B19FAEFCEA1,2
0E3C2DB635E48DF9124D830DE8707540,2
14ACDAD5AB8BB948A39E72113DBAE375,1
B47D0B5A7C28B3284606139EC105FF76,1
EC0B74777339ACA03407282231013D09,2
0C686A7C312A75F9CDF7B7715C733254,3
9ECD55364232D0AF36FF8BCC8662A147,1
E0A766CBEF42B9A63453028F51858BD3,2
C033012327F5269A2A9D21D2640B8AFD,1
0853A5833C1CBCCD91958D46E32A0F0D,3
81D0FFD29A4474C1BB34B70FFDFD436B,1
B152F4FF476326471EB70267665695AB,4
98B2C4494749DBC51E33C4852D6E4E9A,3
316D95F6294381963AD804D941209D92,4
F8907424D3B56B9CE6CA3169332BE935,2
A55DA4C1AECC76E77955D80343F3FEA4,1
21ED8DE78D282F2188414A6433BD796C,1
3827DDC8800693337001FA2CDDE70EEF,1
0B13C77E7C9B408092A63B3505673FCB,1
C691BA11D447C8E429E2C1777F0831AC,1
91ABFB95A9E84BB60C8931348579D48D,1
971E1C798D9E8EAE884C99D7055C624F,2
E6A5787CEF03A5D49E0F45C827D4D99F,1
101D0D56F2F8DA5313301F2B26A29D06,2
670DAC8FEBF6570E9AA99A8423942154,1
9771F842F651DFDF33E44E8C03BF255E,3
208A1C45FE6B2166C9B423E2DB9D9F35,1
D12628556C7368A62B6FB1394F77134D,1
AF560BFA98A468F112DB7F755F395DDF,1
D4FFD4651CA82D8FE5CBD67744A472E3,1
0B2B5B685084859708489B8D98DE079C,1
90A8E1AF58EDD877324BFEEB60DB4693,3
4FD34846961DD3BD3030F527BC1ED24D,1
36E46827484BA6F130500299D243A879,3
7E528EE4CF15A32FA4DBE4734CDFF106,2
4D7131F4DE42F7E061ED574DEB4D78E7,3
0A09394164659C1A745ED3F530A40A66,2
B9473569E812FEDE9CD686BB681643AB,4
250BDE537791E27AD47657665CB35A49,1
4EE0354A7A3BE9B51DF0FB2CEB7B55D9,1
4CAEE24F7CE6DAF2F8AB4FD51F7FD66C,1
EBA316BE1D7B15B26242924D54C5DA9D,1
BE61CFDF16F1FB29F947C217B6723746,2
E846CBFFC76CDC128EACE56A86626B4D,3
994C578D9D7F014752A274968C025058,4
F5FF5E70EA3472F268B1B0A31108C8B6,3
E9F8E02F6297FA94978DA0200602DD10,2
7BCBF4D386464D4DFFDA9B664EB1E71E,3
38DFF790C030052CE035E511ED51E47A,2
6550B75BA315FAD5FBBDDE83E4B480B9,1
101736060E2A15798859DEEDC37E2F65,1
C7A5CAF41A2639CA0559961C8310827B,2
E6CDB514D741B9A904AF8FB83D340996,1
0C2FEC109B2FA8558B3F6436C83D3364,2
A4B35AABCF1624A007555936319A8EDF,4
5DD7F438423EB6E0BCFD1BF544BB792B,2
CAB30B1EE54F77AD84653AC89805628B,1
E48477A48EDE015C98727F05FC26C3FE,2
696127EEBACCDAEB4802FF33ABB75D0F,2
C5DD0743F66A40EA221EED9E56F73D42,1
F785E6E38466724BD2E48423D7AC0F02,2
2DBAD61AE81AB2DCE81A31C9F7F37DFA,4
2474ECDC107387549D8566FDC024AED9,2
0B1D129F778CDBD794D0AE7E087E0677,1
F3401C632B4C398EACFB14C9DBAC3C10,1
6A89B4F3EBEDDD1AC00A565EAA40F838,1
0FA590FEE95AFD81028520F85AE4F0AE,1
12B18BC3EC2A6B74F3805DC228A7C36C,2
3EC3ADE79861325283BBEEEAC1061E49,2
21EE722A050DEF1A8D514FF5C63A20E4,2
F92590638B4BBBF5B1FE2BA9364AE979,1
A529303BF291AA5B12AE24C0188E8D4D,3
B457A8835C552632FF550AE0C8305BCF,3
1BEC277CD5F6BA591FD37A45A12F6FD2,4
DB15D680D2CF11DF15EAC2B744A96BC4,1
71BE295563F1D592D51066CC868DB70B,1
B7BA3D25AAF2865B9F591F5266DA668A,1
2599582E860FA444EB6292BD59BC2A7F,3
8729EBF4997218AE0B8E8BCDEB895A62,2
7135DECFC0A9031A391569294CE5E7D5,1
894BF04F71B674A17F0B5B8E3B58436E,3
30708E877F9A35EF11FBD9D91C284F86,3
AB8C00C3415F4F7A901E9E2D6FD18ADC,3
F010ECF6A4337D2BB7427D608D2A8D3B,1
794CA2B768268E37B7708F47F4964F45,1
9DE361FF3A6A31EC96DCFA73415269EF,3
B057D75B77A578D1D5C203EF3AA733B4,2
9049F34748EE1D59091D30F140DD3622,3
135B3FFD8A02330A39D0263812142424,3
2C8B789707AE8E914BF0929A7ADB8E8F,1
62FFF577E9CDD8DBF0747A91F7A9A14A,1
9FF7762870C3283F0D8E0A8A5B1FDF40,2
07CBC929ADB8F8DE1D01719BA774A69C,1
A007DA598D580433A89194F3D1415895,1
64AD697F7A263A10B62245D53CA0E715,1
71C944C4CFA50DD47F77ADCFDD391920,3
C31AD14D2DB29BB6CD8256471851E5E2,3
BB1BFF3887D62C7E33D71BE2C7D00698,1
18B6E2FD7A5A500838163A0915773B2B,2
9A96E1B2D6C811BA72397425F4AD5F49,3
F172F22215FD7767E15D75F7FF402C0A,3
518F42BBA2BD0D42F3C8D5BF310BA6DA,1
BE1246D1CC55DAC52D68D9321C9F30A2,2
FB468C0CAAC6C458053C9765775FCBE6,1
8F1B49F27E6BF851291B545B51FEFF4B,1
C1EF0573F4FAC461B1441270A3031072,2
497BC257054C359AEB6AFC7D17AFB82A,2
37E37424D8C157DD0FA029D3E7A43851,1
28AF78445D27E8BA2EB69073D03350D5,3
141ED5AC01D730CF662AAE01CC757E11,1
91A8901A7FDB063D4439B784BAAC9431,3
D75455C3993A5F77269446D5894C8529,1
7720A645C0A44AAF171B6DC163673F2C,3
F7F7DAA8BA47DCB55E4DC8653580CA21,2
1495FE6C9D167F203C5F22861D7D190C,2
FE999D9FA3343EA7DE80D030F286B4F5,1
B15CEFA60AD68E5252810A6C27A5D316,3
15954712338C9DB3C7313EF391C4028A,2
00AE3E7B85ADF697077DA5CC2156EE1C,2
B8611A6D9CE7D67E32259CB53CE6F3E9,1
36FC5B507C14EAA47AEC2C85098D5864,3
CC477B28A26FBA2D90EED28A5EF001FB,1
076E71D15CC5953E42803F5194AF7A57,2
E16B309D36AD3BA736A8EFBBD736058C,1
96EDD46597B9EA2205A187F362BE9C5F,1
498BBF9A3143C46E7C7E9B9BBFF836BE,1
E15C9921453BE743618EA9A5638DCEC1,2
BC34761510CA4D3233D33A1A1169AD9D,2
D05A198AF4D17CDC86D19250131DC248,3
BD9A24840E2506196E59CE6F1CED2589,2
322FF5FC2000920609FC71B37ACA869E,4
D9D8E32BC2F583F43C615C0BDB4926D1,1
15235166825E3E14C2558DC1AC9EE9F0,1
A4516C878296D9984DECD8B996529F59,1
B65FFF419C820D2C3A8D187777D44404,1
2AED69946A63BE426E5FAF482CE7E1D0,3
7B8E41961EC2EB1BD3DBBBBD144B8969,1
C2D49C10A1CA0657954C3F8155C74FB8,1
3F9DFEA5FD32B70B30A9F84C00F26812,1
57A358CE345AC33209A7045B778628CA,3
7E5201ED9152F45A5F0EE7B3E5B67C7A,1
41BDCB40FF179062741E10115EDCDD74,1
7F334561974FFED847517AE644B6C96F,2
BD1C72469829492E1FE81F1C0E051AC0,2
E1B884038D0A938080746746DCAA6D2F,1
1FA5E3FC5075687CF50EA17E43340C62,4
89FA115380F8A6A0C8649FD6E8328578,1
C2F2689E2459C6743BD949E2F6651CFB,2
308EFE3725D0A379E60A50995938479D,2
E478F7F3A5FA338C223D2636AB128FEC,2
2702119A33CD5CB95DD233E701F5E416,2
17226EF898A11F81CB6BBDB35640EFBD,2
3971E0E9B07E0033F7796712EBC006F3,1
07405C53AA9ADBD78F3ED320E8255E2D,2
EE269C93D072E4FCC25D5038CE4FDA11,3
B410CCA828F86309928670AF162E9617,2
19E675481459D674EFA9511535BE93D4,1
54BD8C571E59D1362073576E419F4302,1
E9A58E810900B3F7EA8FA3E5CE69294B,3
B09A65F30D7B7DC85649E1E97F0405E7,3
1FE6B0B943410E280399F2041C6980A3,2
0090958FA816815D0F0154ADD47A3495,1
91F798BEF2F157AB459D95EEDA8FD02C,1
D925809F936FA901B794717C0A3B49A4,3
7A18301B615C507C8F0DA84BB29C9C4C,3
B09486ED5AD9A90382920BD8556BC5D9,3
989F2EF52D66F3D959AA4E1D8F21F7B5,2
C765421D162AD627836C1A5BBA7C6C63,2
F1CC38847159EC7B189660FC062B2686,1
4434F5FD7629A641B8C6C8F2162DC115,2
8D3BBBDF1F20DAFAE406705B78ADCDFF,2
C41369E98C3283321509787D11F1237F,4
E7871648183B7DD0B1B94E44108A77B7,1
A81F40574E3E1BB47B04A6FAC2509209,1
6C06F8222710D87A82B31E09DFB3E570,2
4FCD2310B9D3B791BEA296BA1F2DA927,2
D21404E54266B30AE8F26A14FCA6FED6,2
48F0CBDB4BF7738479C2B896CC18FB24,1
360E1008DF8F0F16E559FA4BD671B500,1
0BF07E5B36E96B24E4EE6D07EB3FE4EE,2
FFF68FF0989A48ED01008EF538E67AF9,2
D3C7FD3C89752059A9AA6B51E2B3DDDB,2
F04DF2634C2A089840755D9534541F71,2
F8DB53FEFF85E585F7961E7B09539CA1,2
50EED0724584DA6D2415733B0778E382,2
6035EFC6C1EA7BF3B26513EE05DD4982,3
866A3E7CB361B57C478A9ECACCEC2290,2
787F7CF02E71DA62BCD2327735CC9054,2
9A48A3A2C6FF524F1639097C56745EBA,1
74073E745D1E3AA15D1880128A25A7D0,2
5DD879DE97FE98623A8BC8E37DDCB4D3,3
FCDC88FECF7BE4B0679CE319D0C9FA6F,1
E75C09417C92C77BED770BA23311BCE4,1
F7E04F837EAB9787E944865D5AB332B6,3
DBCFD114DE3B5C1B5686FF6D8D4E81CC,1
CB56779D66BF62249A0215F9651B9E7A,1
6E7D0B18DCB29A794D654B9F880D3495,1
A13AA1C8D7177BEC5BCA46DDF0C46775,2
643D45D02F8AA5E1FFF07C83370FFF34,3
1880B976C38728234B783C1F49893039,2
6CDC9DE05E53346DC845A9A1302CA7E3,3
310F1A75E2C6BD89A3AE3D02185E099A,3
69C746C96190B0929DFF9827D07CAD5D,3
21E290689BD89B7538B78197D77215C1,1
EFE195C5A9EDE17A5537239A8357317F,1
93F5E328419B0AC6898190A790406C94,1
B904C1CDA745CE83BEB2300BA7CEC227,2
48D024642B96C3842105ACA31DC5A813,3
2D1D7B0321109B9293CE467C0C15B8E9,1
6C5479A8E52EDD8F7AF039D65C598EF1,1
F2C880A18EF7430833298DC6E4333B81,2
026EFB4DB93961DAD39B8B3E2D53D83D,2
6E43B2EB1B8999B042C9BABEA5320166,1
0E203A5C0798D9B9A91849BEB410E4AA,1
81E37BCC7B84A9083C6184D35A44022C,2
94C3998EF4DBE01E0A9B9D740296E081,1
1E4A9C9BBA4B1F0471FECF0EEE2B40DA,2
EADFD7A0A10C3A26A50C527CA2D5EC5D,3
B4C9A7F91C448228E2859A9CC217B949,1
43CC5727B45DD668D17D086028AF9A57,2
60185CDCA14A3AB67CFECADDE5F887F3,1
C9747BE83A0A93140F4547457CCBA9DC,1
5D186192E8FE09DE338EBDE44BA841AA,3
C7D087C6139E45FBEF058B9C896851BE,3
958D0BEE496F0130B4DCA8F04494F8F4,2
55E2668C5B0C4770B368503016B9DF68,3
8ADCBB87C9074AD21D34AFA664DF9F3D,3
0DFCB2E19ED20EB43E249997C787FD48,1
41B6BE13B6C3F26BF47AD87D1B120F39,1
80D8C78BAE96C5630CE695C71516AE6E,1
10B739CE162192C82161666FF2F2CA1A,2
5F2DD256CD9D1636C59B2E44A2DB571F,2
625D63DFFCEC3EC73DDE1FD6745B59BF,3
564DA4A529C37CA5973541D8D4C18DA5,3
A7BA44AF4039EFE0CB5D38CB9F25044F,3
893CF102A2DED193056B1573BB51DEBF,1
A392EE01CAB52CB1C9299CA763AC5C81,1
98E603793704726352F70105F341CF8E,1
9CF23958E0F5333C9BE38E38BC4A31FD,3
FE15A5274E045D10B049EA401E77901F,1
1AB42514DBC7C155BB325054489F90F7,3
A73845F95BC1A559B7CC01D8C551EBA3,2
7E4E225E625E2C4384AA8A6AF3578A7E,3
7B693ED73C75441A5F4B3B5588C27094,1
3F40CBF78E26F2F789011FE5E4A882F9,1
DA32770397E89BF1C302EED8F193553E,3
72E6E9E133EFDD2C09F55C9076EEE5F0,3
398DCBF09BC96EDE9887107A0FB580FB,3
525B4F552E8AE3CF1EED59C55AFFD28F,2
6E291B257CBFCFCDD23D28AB20701A01,3
B8CE0A7F44A54C8A149E6025B9BBBFF7,1
4919AB2D237443A137795DE386344106,1
6F5A6983389156307EA4E7513CEEE784,1
CE14081CD07FFB4BCC6157CC49F3598A,4
10D95A0238A90326C24A5100DDDDE1EE,5
70CD83FC98B45E7A16CB13B1530EB1FB,1
1A56B8B48FDBBB491A4FF6B3A14514BD,1
03A775B12DC0731B3070F39122F0B3ED,1
524C850A559F09676BA44A37AB31F3F3,2
D6295F9B34F24BD6FD2A4DF401D9237F,2
1FD0C091256FC2A0452FEF50317668DB,3
826ECD31038E634F3C8F169076F83D61,1
2AB922BFA817E759377E241E7AC03F1E,1
7D5D5693290288ED3DD80D07F95AC7B0,1
EDD401E2FE7B4EE3A05E519DE3548DAB,1
4AC9918311ADD0E350F8DE40C17200BE,4
C8C0493BFDD8249F24615E94CEF83D80,1
4D607B238D13BC3B121C9A25AEF666BC,1
C7C2EB4D4924F2EA757C00A78F9A5B7C,1
446D23B6F7220A6DDDBC73DA0958FE8A,3
34F84C78D9137E69381EF1C6EDA7C6D1,1
AAA08830036344A5A5267C64290FF1C0,3
CE5C4AAD59B2E68CDA62F74D7C68A070,3
FB15AEE56629155F7C845047FA96B803,3
9F900DEB3287C12ED3E3FD10410653ED,3
019B73A451EC679DA3698E323C8AE156,3
CE7A024B521B6354CFEB618EEB9370B7,2
64CC2041C59F5009C339049FC9CE1450,1
855C9738D2E514644042DEEBD38AAECD,3
3A438239C03884BEC4AF8AC578530006,1
47177E29D2D60B302254D85B11649192,3
505CAD781FAE0062983A5296A79CA081,1
21BF44FA73B9ED4954664143EB1FB852,3
EE9E95A897DDF232CA314D639859857A,2
9EECE8687C55583C39B414F13B22AE2C,3
5E26779650E5D907E5BB410A50292FCC,3
5F112D1A97F6478E8FB02A990CB22F6D,1
13B0E7E8FB56117ED165B37A4DD8E6C4,2
8D6D757C96AF9A337A9A2AA3E2C63096,1
6C091C047D86F2A6751938B3F1A535A6,1
28A3EA987F0D7BB7B0AF8C3CEC4D8EE8,3
83231FDF27B552EB600B1DB35AFC548E,3
F5D09BEF0D089F61E1DD24E9E2EDAFF5,3
C72F813E1A665FEFF7E4B92C59C14284,2
D7FCB8154FE31E39BBA4BFA1F2DF7285,2
85846C58DC66FA3B7552D58782433C2E,2
AE0B8979C0D06D9067416266A60AC5EB,4
AFD3290D5279F47F97A3A8EBDB08E497,2
9D568946DC668BA1EAEEFFF478ED6080,2
CB460D3047E83875D6A8CDABCE414639,1
2C5D405865B941D5F4FE19A0BB97C3D0,2
DAC441637DFF4E9683EBDF7DA183FB03,2
59AF6DB4353016E64927D5612DA8E621,4
2BBB26593249DC8DF74FBD1F6CBB89D1,2
5D7EACD82AE97D96AA1DFAFA2A38D3B7,3
F4EB2255B835A26EA254FD9D8836AF86,1
9A40802EB1C05ECA3A21E78752CCBAAA,1
790724E171D9380B5EB53CD4BAD488E1,2
CE6F9E65EB453A3A0B7C989A14888416,1
4B8E53976277C3B61C1C6A17266F6B31,2
5023C5A8D24404B183782001392AAAC7,2
262E095EC30A5A91A06FEE879EEF111A,4
5F19B96E6E525A4A9D0CB8CC77195444,2
DD12BCE35CC7580C4671E3D9183672C7,3
228A52E74E4A00BA36CF01BFC82AD753,1
CDE93D11A226258FE0C33E731A6F7FF7,2
D9D4918944AE8A2E11F935810918E216,1
BFB413142506E7F4CE9AC9A46ED046A4,4
0F5F6E571C25C16AA4B003A053A5C3FC,1
74227BA85BC2765FB8A390AFDC8D5B1F,2
C3B5DCA99D97B27849912AA62560F002,4
55E6E525AB71C81BBBD0925806A03C3C,2
1732945035282883CAEC9BBAFB3777BC,1
CD7B94AA84E7C36970C7E3396931A7F1,4
3FEB9AF9E7BBCE1CE63B94F80CE5ADB3,1
16244D4DFB15DE0562E918DA8FE0A3F5,1
3135F9309115882F9A5E33ABB3ED3CCD,2
82605C040ACD7B49D2BD5F52B571C6D9,1
13859D016C34E67F13716DF5D3CD3A37,1
46FF665AE37F1C4861B564B96A00560C,3
9DCB3FD64C965440678ACB30A0339AE8,2
7FBC0BEA694F390BE1ED8A9B7A7AEC86,1
85DE7EBF6F9C9EC7B23416C09DE82004,2
73825CDA09653B1947C97249DC8F0783,3
721F7BBD2935BE6020371F9A85D4AD0D,2
B267F4E23B2008D809934F0EF8111B83,2
5A8726FE8DCB39EE27D87B1E977688CA,2
ECBEB2251C24D7A1D10B979295034F4D,3
EA4D28A12872A8F634F0361100AF0B52,1
8CF9F63B6BBDE93EC935A235DD9D74DE,1
1D8B1B36BF4B3718EC4342FD7FDDEC0A,1
6F22394FFD73B24F927FA4C0194BF668,1
B101DCD105560933E1A27E50F899F52E,1
239D457CB85E5A68B0663DE7F0D637BA,1
BDCCAC612BE9F1A3292898CFA398F659,2
85708A6BA5A96F5643D622F487140C15,1
4E4729275682B967BD7A198DBFCE678C,1
9B20D7FE5FF86F53EBC38C7BAF6D5F6B,1
5ADAFB3F6AF31E6192B1B5803E929822,1
8B4A91A748B0423FEED1863B61381C34,2
FCC05500313F1D9D68B05D3F94AFCAF8,2
10940C3EDAF0475184130241AE012267,3
59F885CBE70E65AB1F21A723BD46CC1A,3
3E99E64A9B47F018B49DA6B863360EAE,3
EB06C6679096C285586A8C75E9CC8F7E,1
74C031B9F7EE8B89E5F9D259CD4CCA66,2
2BFCAF342E2398C401922F7425D149C7,2
91129B6CDEE19E78DA804C3DF4CE3507,4
7D7C905D440EBE92BA25312BC81607AB,3
4755A73F7D3DD4F5509BC9E2267EBD0F,3
FD2CBAFFFB409F0490058ED8870F5F42,2
E68A626FF25D5CFCDEE8764F45014E6D,2
C9FED385F893C083FF9EA4072DAD0272,2
A6BBD9B9BCEB9CF0C54A82A3FE9D11A8,1
3E3BBDF156DB90654BC727235033A815,2
F5CDC72806D4E86AC00341AE8CB484D4,3
B8080E62BAA2AE8EF50298DB2E7C1ACF,2
6243746F1C697CEE4019CE9ADA989657,1
385D7515EE9BFD07B1D3C1A2F3D4942F,2
B20291CD7909D8D8860E9D898D1D6C4F,1
1334F94BC3A77FCFB3D3B6F7522EA7C6,3
5682BDB3BCAA851A69AD1C6FCF119C00,1
5A22BBC5A0D36C4C96A2B8B9C6AB34DE,1
457861061DD77229CAF90228C5594209,3
2FE95B4AD7BDBA563C4F20DC52D9F945,1
5CF71126B67FB9C9BEA104163732E60B,2
B56613903B718937D63DF08AE940FF46,1
B71D54AFBFC181C6327EE315068B1B06,1
B07BD346C8118FDA22F459EECF53743C,1
CFCAC8C75E53879C5791E890B49AD65E,3
629926337620CB006CB92A3B8D58C4EC,2
6F180FEFA4B05E27B5A30EF7FC8E5013,3
E81C8863E85855099CDA23716FBE966B,3
54315E5C8C249B60823D3CFAF7A1F03F,3
3C0F26BD5EB023E167DA08BC3E8C0E7A,1
0FFA897315711D856D97CF55A014AF67,1
01CD6AEAC8B8E911B020A3E9023A1A6D,1
04BB9BE97B15D2FD21B12A25944B072C,3
7CAB36D0FA392BCE37FB3C82FDDE79C5,1
65AA432C931A75315A11B06DB740FB79,1
DBDE1F2AC13D0613538D6F25BA167AD5,4
15E1BE4A9A5E6A0BE3A97AC65E8A0D56,1
9F49D786C4AC67653204338A3CD757F5,1
51691FC48DE218AD571B32E41BEE40C4,2
701F05485909463CDD26AFA2925AF071,1
9E44C54C3A616E01901F0528BA1E29D6,2
64C4FD9CAC4BB549391D8ACAC9B8148A,1
978E7DC2D647F0B31DB0C783AFC9D369,1
57D970F429AC1EFBF52FE7B219E7D8EF,1
3A41A8F781B7EEB08305AA6ECE70A03C,2
07A1E84C05E9E65904FA64CC39BB6BE7,4
9126D1CF1D9A1CEA46A649A8AD1C44AF,1
878A3D74CB4D2C467548FFA92D13BC1C,1
E2064969244AEEFBE900C73A7FD926EA,1
AC1204499C8E5BE9266E12D4AF3BA23C,4
E8AF61D0C9A9B2EC765403F94748B91A,3
7BB70B7B78C6CB67A552AA0F0AFB9006,3
EA2B9730453CDB68022D36F59D15AA45,3
5E10362EE245F454E9A91A34F0840F71,3
4F26CB38D5AD13333F5D623453E1ABA9,1
73A6D98D7B183ED62D0799F63F3EF197,4
2F797A1DDB3586062D37CE35CBEC3349,3
B25ADE057F385FF64844D4AC1163273B,3
37DCDFB96FC0D2A09AE996C02B757D50,1
6105CBFD4106FBDB72CB81FC4681742B,1
E2625AFA664DD272D33686A90446E7EA,1
86964070861E4A1E930BC6FCCC899036,1
CDA15420756146E23AA229EC1D0A6751,3
256D6B1B42E24FE7D536BA511574E974,2
279455AC0400A63E45E3E5C89E459E60,3
BE71A28BFF68439A49DA82CB6CD5A9B5,3
40DC067BB47F49CA9DEBEAE7D0EBE087,2
128D1741CE846BA2CD836F60044A8EBA,1
EB9C1DD9D81B44C6AFA548FFE24886A9,1
5A17F82A4B033BAA878E9DF4053F2A30,1
6258D0B9026CB80B5CB4AA6D9EA67442,2
02BFAA8039FF57DD3BE243155269BD00,1
78E4EFE720B55CC1126F8B74ED49648E,2
DA924DE76DBC8B8BA0724E6EC709B820,4
EBD45C02D5452A0FEA4653AB853C80D4,2
2EFF04ADF1BE08C4D2D58E06FF7A3D86,1
C86CBD09353E09C7922D1B818B0B8BC2,3
EA87FC5B84844634BFEE7DA59482CFB7,3
1DE32AF61299E183A482C417E8B56C12,2
0E0EBD73D61884280CB8FACE81B3416B,3
3D7B0F3C1F0A511C4F21345D45D6F66D,1
E82B4CEBD6133F517BA7313A5C4B9432,2
0E34EA9D29C93C60398DC4D99F127514,2
6141F61E5AE198DF685D679DB5C880F2,2
8BB676758F2ACEE45F2D1E8192365E0F,1
AB043D42C0A86E39DE9E81341C5F3670,3
D536D7A4C90B84211DB184B44AA6900C,1
0E44E083846197675D3F7CDB07E5D468,3
0506AD737B91F341E860FB171BECF04D,1
E992144F19ECC3181749FBB33F64E246,3
2D61A390B175E94D9909F84191B6C0A4,2
4BF3F4C7823A84C39C687121AF1E267A,1
D005F913B6B5045B7BE3E5D8DDC2DFAE,2
0DF5D22DABF3AB2C23DEA6AE72BA7825,1
DB72824C4FCC932B6445011942FCCB14,1
B0CE9B396EA11D132EB29FA597B7476D,2
456C6D149869EC0312A469DF139D0E5C,1
485B32639304C147F79858F4A13CC203,2
1DBCAC38EEBF0E783105C1B2C5C7C81C,1
2AB35804256BF027C7A1578942DCC626,1
D53FE3BFB7B8EB1AC5988DE994DBB004,1
6C55EA993A68915D32B9B5209076EC62,2
A45A39D1831B1BCC23D945B51A25E74A,1
3FC32259EED8B0672D15FF4CC079CC50,2
56A1E46091DAA9B6D844AA46A7D47DD3,3
BD4F3C1901EE3B6434602E7065078ACD,1
4DE64A43E39C033093F789C1227B3DA8,1
01472C73FF4C0D97F508AAF8023A12D5,1
18C5F62ABACDF658F389B59297095472,2
376E606918F866D35A40B129A1DC4EFA,2
C503C7E8642E4F4A6F8FD7744E37B48C,3
B9CF123E5675FAABD0E34FC20C4D0030,2
BE0182C9A2F6B6AF5B11B60FB24A56B9,1
E9BFB317CE997B3635141DA8E79AB89A,1
69DEAB54A5A806B0EB3798DF1637AE0C,2
FFD74AE2EB017A2A0BF157C459258F6A,3
4A447D9EFEB60B0085C24EC96280CBA3,2
CA4597C96C147C69B7CD8043D23113FB,1
6A0670479F292AB4FBA9F27DCC956772,3
E8C1F811D0B40AC0F8DCCE0C9FA6D884,1
B61C150B39C61822A9D6C3AC8B1EA8F7,1
62F2EB218F3B2B67305C29117A7F4CD1,1
4C94EA339810BD7C5CFD3FFE998AF8DC,2
6EA7152B5401E7B54C50B580BFE265A6,1
BC2D8DED07DFDC462F924F37E08D1482,3
BB8A70B69373EE0963C121991483883F,1
3240B1652720DD5F80A8915A1FECBF33,3
7B152FC7ABB9F3B214CD5C3356BE0B6D,1
4545AF0BC567E09BEA8F3E3F647A1E2F,4
3BF7BC6C2BA5DA50D1210ECFDB314478,3
8159B32AE46F3527EE04181AFA8E0CF0,4
E11BAEFD970F61777FF0027005BD3831,4
42ABE1E924AA3B561191596E8BD5D221,3
C566618356FE9F56AA3BBE48A689F2CF,1
128D70E9138829DB992A62FCD72F370C,4
F1F4A98340113B46F528A23B122713E9,1
56992129D3A10927E54745E50723662C,2
0AE61ACC7D09E5D0423443747B4897C4,2
60ECE20A53BBB396831573BD3B39C0DA,2
56696C1E5D99633D16B06830E6C7B2D8,1
F1861EF455C4819245F7343237AB011E,3
224EC1E2B65569369BAC53204B9F2DCF,1
DC8B25CD4DB27B40B9762AE57755E87F,2
B01D226B44E37494DEEE6F1A0563F751,3
F4A098B40BD8704F0FB599BF0236955C,2
F82B2DE36D3639E64392AF72ED739FC9,1
CF0C85D692FE667915A288215442B0ED,3
228EAFAF248A98C379B3AAC86E3A4825,2
7AD31E8F6D1BD74B30F37F38AD77EB3D,2
6E15A72609853B4B973481AF216B81DA,3
FA049A4C139A286B74A3873A9E2453F9,1
0194E13F328E27B8901F462466AD54E9,3
8997EEC26A6F3BA521ED371D203A89C0,4
2413B7FA16D2AFC74E841AB6C85D1536,1
DFB2D92162820590499A66D3A054D782,1
4EB43C710A444FF0D1AE14CD8DF44911,3
4CCEF7CE9FF25DE77212C2DDE0D1CFB0,2
50EF41C8848B01771444DC7460295499,4
115F3D24A1E7771D8CE36AE03EC9F7D5,2
7E4691A55CB1853B62FAA690B281181A,2
D2CA660680BB6D025281EE64472058E8,2
3405DC7880EAA084AB2BA58C9A695529,1
7268B764EAEAEDC45A431BA4D837869B,1
00F51FE0428432FDA19BF63BA2004F94,1
97B1F4504A27CDAAAE76E2CD0C8A862C,3
8DC54864F035F51EEE0FC0442B022A80,1
9CB45561C0FF294461AEA050A1987BA1,1
133FB733394538E528DC9268BC1D2F83,1
896BB57604AE0C99A13F62CE7C364318,4
48F622CA5633C7A364682F5EFE5F1E9C,3
0C719ED33CFAF2AAE058E1447BC8ECDC,3
13A8161A2DF97194037161A6466E1931,1
52AFB19981A32D3CF5C8C1DD89887AA5,2
37D3CE70C9568BD9DEA0E0185E2B6698,2
3BA33D96A48654DFB0CAD5B711ADAFB2,3
3267D5657E2BDCA3CFC1AE550CEB32F0,3
D9ED2F286E0BB2C75142899469BBD6B5,1
233B23753D36E80009D37E5BD94FB97A,1
1B061C7157F34A8CCFFBBA313C78419E,1
0050B1E132E151E20F71378A8BC309F6,3
9DBECF5730DFA095ECBADBE21177AE18,2
1F5CC588C1EA729E760001D75B59B2C3,1
B4804D5FD216985A87FE173A262863F3,3
ECEC454EDBD9DDC4B36F7D8D65B51F27,2
4B51ACE66F0921FB2D12BCA83248FECA,2
398EF33FD1ADC1BE86F8CA72D5132ECC,1
A3995F6AB7C0FB69C5852C15D7064C14,3
E612AAD6C334B918B1D883E1824D0716,3
A6A6204DD6E93F91AAC1F607E1DAB53C,4
A0D359AF20C5E7656D7925009BE37443,1
3F04A0E9495C50F1FF4BDEA7B0E0CB60,2
8C169DCDAD4D829DD6AB49EC39AF573B,1
3D647FDD73D01EA993D885E06858EEDB,1
39994C80198B280814A20BF8EBB35974,2
27C95E63C5F50A9A604477A69A06BD8D,4
6A2E2F68A8863D9783BB28ECF257BC8F,3
DF1B76D277E32262D7A8ADE695DD0E66,1
873E7C0DC8C5B8A2C647BEBA870319CA,4
02F0F831BEBEBB7386300886CBDF3C36,3
FC6B23FCA5AC6AB6A1FDE3F0E6BEF171,3
B06A44DCD666DA542DB09CDFE9D7471A,1
189549EFD7A097E9DBB68D136CE61005,1
8F3E9ABDDBF54A491345A5359B0D43C5,2
7D384581AA78C5C27B9196B97A911565,1
3A220A2262A7A957F18B9FF562D4BD7C,3
5F8B0156655F0D8116D0EA6D02292420,2
3A4A843BE1A2BC05779A54551193AE92,1
CD85A88124537256420B897AB98ECDB0,2
063B82EAFC1E6BB4FD9048FEC44CB41E,1
D3B7ED13E62BC1725195238791C9F565,2
CFBA58C5E0C4F0E113243C8D3B2C9874,2
0BA8C83E2E8B04A1212CFB252967786C,3
5793A351C7834CCCB0A4248A2D22FE3E,1
F22450AE9E0C52CC113629611C38E087,2
CD7FD5D939901515961406526D91BB09,3
42490F3A195AB52D77478517D6569B92,3
A0B652C3F903387ED6B834795E14534D,1
70DC96B799743273CEFEA8A1E47CC5F8,2
6DD65EC9FA79122BBB4FE68229387730,2
4F022DCD1690F5024040F54B846AB59A,1
359CC604C516FB208F7FE63FA4A307FC,3
5A450CAEF25D9FD88BE098281EAC27A2,1
8D1D2E4569DBCD5CFB9BB2DF5FF9DF1D,4
48574690A792F3AABFF167FD6E58BF39,1
DFBB7FBB81E5FEA2385581E1DA594CD2,3
AA711B37F095E221AC1E4A804001DC40,1
87419DDECB8A2A63FEC3DA5ACA94E8AF,1
09998504BCAC238AE68540190622BB9A,3
E6B0C09338CED25E3199742DB6469876,1
DFA673B76DDDB8956A3505198B913F0A,1
180AAE11A54ACD4C1793CA889314B325,1
36D9126780FC4D09B381416491E121FC,1
07B433E56A352210B80AD25CCF3E61E0,2
4D04BE033BF1A88F3F7EA9535112E0AE,4
3625CD5324B5F8761B3D6718DE820854,1
618A39A0EC982EA9D1C1CBE0780B0F7D,2
FBD561A564783AFF591699DCBEC9C084,1
DADBBD7FD781137743F39F5F8CA5BEC5,1
66D23D439D9E91FE3735828019CF71D1,3
4D6CB20A683CA872CA260DE6F44EC6BE,1
70633A6EA47DAAD610C97CF3314CD0E6,3
4BA17A7F200FF88B496B1082470266CE,2
B12B1BEE3F34601771D056F52545929F,1
B2E97CFDAFC161F9B6ECF82988AD7304,2
C73FEC00B7FFAB348A3013C00041E4C6,2
CB60688EC218752A6FA7FCF347A71672,2
6C52EDA7D72E9F3AC497ECF6EB146F9F,2
42C3AF06E7E44FDECD63838EC033CF15,2
C2380B4C80477BC075BEB427D79AD845,2
920C4887C761014E33F885A97CF854FE,1
D0218E4768580E6B1B04EB34195A6B35,2
301E15380421321A45629A229F4F0EE3,1
891BBA5FB87E4DD4562ED2CD46439BC8,3
1EB602D9B5B17969BAF114A2E6073980,2
E4BEA05EB10F50BB7026D3A2AC7DE5D1,3
31EEC92596A48546F5B0FB42E6A61A7F,3
D6ECE07535377492B13EF3A5641923BA,1
1D6A07504D589040BBB08641D2FF1D11,3
14B8453CCF0AD30287B3E925D0ECA51E,2
EA19684005C01BF9D15A0E18D2D7BE23,1
7BBAE6B62E5C6B6C516CAD8F6879AD96,1
035D68656EC94A6B2DDB6DA3BD2C0DDC,3
C8FB1FBE0B350BA679A21DDD5266A839,1
C4CC9FAD58DB5A2E1E5B7E6842E1CB31,1
740C9D6A1491AD4ECF61141E0B7B2517,2
E2A0F63A883AD51413A3BFD9D32D708D,4
AEA49800A7863CA91AE4ABEF677F7EF5,1
2DE6705D6EE42C667AA3426A895AC06C,1
9856597D92FE952327B55A9A499E6DA4,2
97836C9885091302B9B0B1545D2CA42D,2
16EA654F6BF474EAA03859D1FE5DA09E,4
BEF3FB24EC176B217C68058965C81C4A,1
D9D9BA09397C488A8839FD7196F31967,1
C00942781E1BDC232257ED39F040584E,4
C76AEEBEE7CCF2DD1CC4AC1B4198D32C,1
250F49EC301A6CDF23E1647E66241CB6,2
05B79BF5AFDBB9B54B6B826BDBDC512B,2
D81EA617384D4BCDD222CA07A14DF707,1
9AC93530BC79E0C3E2A23D340288F44B,1
F8A9288B5E9CC2978202D736076B9AD3,1
86CF72DDE7741CC23CC7C0526ACB78C8,1
3F164693D49C7DC0B2352C5D648A79BB,4
6692CB0193B4047A8E9CDE80F338C90F,3
FE91833755D9BA3C0CA97C92AE0BB589,3
FD1D1FEDB7B2A2C3B3FF156B1C45EE4D,2
CC3582778CFA345CA623B9CC2C58932E,1
B8035D5BDC082B02B2969008958F50E8,2
E906799B9B71C59C719C2E3025FB82F3,2
08C2DBEDBEAD9C2455B07409AF0DD00B,2
7690B2D5DF06B51AB4BC0F3265C27C82,2
29BA6F808029E4C06447B4297CC4DE35,1
5DC6784B9D453742663B789A6A1CB84C,3
EA26170CB5DBC2CC534434E4B66D689F,1
0712C7CB82984766C61C77C992EE65F5,2
A622F23AFCBABAF8D769BD3EA985E5EC,2
3B9BEB3AE2B5DD0D0759A4CE342FCDF0,4
A3F5DAC980515C7C35135A8F8F0B7475,1
A0C7034479F2BD8F4B7557B90A99676D,1
379BEC8B5ABC28B0F720645F25E68158,1
81D1EA8CD323CB9A2317CAAD2CCDC029,1
5216B9C16BE16EE34322B1B226F79B70,3
F63BDC35DA9549D96085E6092849EA2C,3
644A7A0C0FA834B4F7B140745C7CA70E,1
DE6F190BE08691F6877B94EB65418920,3
0937FF4A0BA7269E8BA19DCBB82401BD,1
3D85F7ADCD5891094A81E616BF44A970,3
E2AF372D876E61DE22FB0718E05A428C,1
84EB328A1554EA1B715410B3388FF133,1
4F2AD57F6028FB1697C73B369583B3C4,1
DFAA565E1BE7892F473075A35BD4F9A2,1
CC4A7C6072858AE07B51C45E5F9B0DBE,3
DAA5EFFA3E6F05A3C1533B9BD37B444F,1
7DE769E40139B4BE73305265C539C82E,1
4BDF2EE1F51CF890C1AF89234854DA80,4
F485F68410DEDF2F3AD1A047F651309B,2
5266868C79BE73D786674685480B7952,1
55B6803CB1CC7781AE1C271AE21E12AB,2
0A9F0C75842461E73F8054E5F4A57485,2
0F77999CB0FF316535A80C989EB978F7,2
576F65315F54A751D618B647665DAD77,2
7399DB1411E5BC31F1882A883544E859,1
439D6829C4893457177DE6B79C99A8E4,1
ED4A62A5DA7B40F5F8E0F182656D8CB5,1
6E7583007C7DBCCDF3FD4587819C745D,3
8A7F71730C4098C413ED2E0D77C7B3E8,2
7BC482D01CAC2C818133E4AC9EDA96A1,1
3CC8BB72C1CF2612CD0313A7D66A02FF,1
1ADF6AD885DBEE14728A92A1952C99D8,1
978E040C7847B1D248A886A1A0AB4A5A,1
BC0376470AE4BEAB764F967314D83F1F,2
2818F57D6EB8E7E037B7BE5F69091408,1
A8875440AF17F5211370DA885123735C,4
7CDF17218512221D2E0250DE674DE9DE,3
54E2E8521F3DB11C3ADF8ACB4A73A898,1
AF515DFB35CD41D5C19449C0995C1152,1
24EB4E6692E660E3582B04EE5ABA623D,3
6A41FA0722EE29C0BABAD3CC05B54A31,1
73A0138BCFE2DD705AFD607C6BA87611,1
C219C05312852E589F17FF4DCE209603,1
A8976D8E9515423CCE78F954136EA234,1
73C6799814BC973E27963D4514066BD3,2
A6B314686AF3BEA357DFFD2EEF84AED3,1
E2DE29412791C74A1D96A2C89898AD2F,1
43005C6D4C69692BFAE2994E914A3D4D,1
0083BF1C4B006C2293022C9D09ABB32A,1
8AC2E54535FC6D1E9147973806F5CDF2,4
C4E4867B647E2B5BE027F6825B337F24,1
AE96D58495165D7BEDBCAA18B9431BE6,2
0210C4460FEFBC61DDF95B2DF07425B7,2
DA3FC1AC496A1418FA5A71F26C4D44EF,1
992214D3E88960D60E27A227B9CE2610,1
EA38C575CE947317A8447163D0EBF7FF,1
2334C1D22E886016FAE1D00EA771A331,3
35055B408F033D3DB3C866C1DC5D578F,4
6A40B1CEE532D9649841C235EA09847B,3
5CEBB6545C08DD769D67F50058B19205,3
F3DFA620A6A31CEB7F4BF1EE0CFE11FF,4
149326C1D9FF40867DACE15E1579F9A9,1
798B73ADE4C8BFC093CBF25133FEC2A4,3
7638A9059F5DCBC8C90CB54CBD8FAB03,1
8D4D630EA886548979ACEF01C22B6556,1
614BBDC203B685B58AD75607D12AC06F,1
5FA5979B1A1E138571193E1375CBBA52,3
67FC1FBDEEEC220230672EACD01A7A48,1
AF65438FADED0B5BE8F2BEE5D8D3FE50,2
5A49915329FCB478829DEF1FAB26321D,4
3B13B372BE0F125A19A98CA4C88ADCEF,1
277039678A4F03729BC56A962CCF7E1B,1
8EFCCC12C3A7E3001608B1FA267A3636,2
620184CD107D3B9F233085AAC76BA45E,2
BDC7F6A38291168698FA82FB425645A6,1
BD06A4931B53A2F2A9BBC6A3AB25765C,2
EAF13960E8C7CF16E7A389531FE4F6E3,1
4C4C7C15B4A71FCFBB21A0CFF57B4CAF,2
FD31996A7E6DEE21F4CD71DDE767697A,3
1D5AE4A5E1D009B383D0431624E25674,1
11288AF78C00099807C7DC698BFCEB7A,3
9095504D9730A29D30FEC2911B29BFDC,1
443AFAD746EC85CC7A3F47AA3D077D2B,1
53B55DF8AB0685043DAF8DFC491D1476,1
728ED804211DA88A23DD9EE75C8E743F,2
E501B22C6C5875C4EA5DE3D2C11CBA70,2
35824984BAA57CE12E560CBE5773743E,1
E65E6A7F677EE1A6060319C1D2F18006,2
2D21A8933B6796D28DC74ACC5EC8F00A,2
311EAA44EFCB3209C509FB0C46A0AB64,1
8B933C0BA178911B5B7201C4AF23CE92,3
C0CD25F6D8F93C56C60E5D477065C020,2
3D055BF68CD98B4B4B48AA975193BF0C,1
5076CCC83BE47A427533DBD7FCA7890E,3
E9429EC55ABA43B0BCC6DA3C7BFA3C1B,1
AF14BD6450A614C98D0611BF48A31E1D,2
5B742BCAC59B3CA359167750B5132C5F,1
A0DCC377289F44F888D5907888B5DF02,3
103D5F5CCAEF5D95AC7940A7EF9DCCEA,3
2C935AC885D6BA312539D356695DD40A,1
6281018D6DFE73A94953D478D9BD7134,3
FB27944D42B9CD05FA79980A2296AB8B,2
6FD1DB3736D94C5C91728B7420294185,1
973607137ADF2111B26B433D17F5F0EE,1
F917372BCA6FEA9FABAB241BBD96896A,2
5BF9802DD739966F8DBB163172AB67F8,1
51DFABFDE5E62C5B45D63E27EE8C5E16,2
5AB178ED40F266875DB2849AFA0D637D,4
E2BFE7AA7EFDAC73DDD20201D7B7FD29,1
8648C91E83BB4D323713D2C99E983D09,2
D32A2CD9AA571BA40DF79985C60A3E1B,1
4A956DA325F18C29341C3049C55585E1,2
AAF9CDD9D086BDD32AD0C3F8D17A0C00,2
A7EB705924927F7E08B10C9226335449,2
3F5BF0E338F14F266D4B45CE216EA290,1
11286D4DE534C40BF39B4A684FAF31D0,2
D61464806772A14E5C053EED0D493BA9,3
F142BCBB3BFEF793CEEB3DEF2FD18DC4,3
907382762CA7300FE505143EA128369D,2
EF2A4015137B9EAE16393010E18E3CE1,2
576C7FF413632DC26FF382C879C22FCF,3
D2C942F13EC2765C28585B60BA449333,1
E5CF66FE25312F18D983E23A39EC7F44,1
5B5025B6B033D13203C2DDEFCBC17931,1
51F1F5EDF7BEF6791F347996C4A77EA5,2
155C10B1AA5C1B3ADFD88A56FD918B26,1
7F5951E9B9A9F1E9DF2B8620EFC8B913,2
97E3A5E25E4AE28997966AF03A54B14E,1
DA8825704739182A9841B8FDA7D11553,1
D6C4D76E1F6B69150179E8CC58A2D7FB,1
AB2DE10D40C9BB44C1444C3505F2C76B,1
9119F2831F9C707D8D34D051A92A07E5,1
B41A0CEF90232E384334AFC1C0B78838,2
250C73D96711E9026690DBE1D5F8AB66,3
03A3CF58E93E44508AD7C8CBFAC101D4,1
DFB1956AE1CD863B0F10023B63E0CE12,2
81843CC7A4830AC146A3C99DA3D7BFF1,3
E8ADFD9A81B83EB4C458A17F0552E4EB,1
180ADAAC898CE66890A40A908D4A2748,1
3041166054DB93BBBB79C363F639DEB7,2
EC043B711E6B313CBC80311ACE5C81D9,3
29D7D5E638B304510ADAED0C539EA6F3,2
6A6EF0E049D5E588AAD468A944CB1350,1
AF4BA9F0524E796E302AF8ABD5F22F3D,1
D93FC59A5AA3B5DB94CD64505BFF078B,2
105B1EC5A60C2F784ED3482EFE3B7E84,1
67B9E7ABABECFC2101018E0A134861A4,4
ECF21E0900306028C0310E9EB702FD73,1
F7C4BE7F018EB675BEA3CFBA218F43DC,3
2BFE53B7340EF46EF8895699C2E3B3B0,4
E86C25CFBCADE611151E896EE32115FB,2
7E747440C6C9E820D6882F29C638AE96,3
1317EE1CF0286BA316BCA815443226C7,1
9BE2665FC9AC291A68A1B4BCEC0BD02F,1
F517B8DD76179124B180E1986FCF2585,1
D9F55FDEB7A16E66E91B282148A08B38,2
1FC1EE64ADF67ECDDB0A2340044C13E7,1
E91DAFFA882C7C973C62786748C30513,4
E4F74FB49ED05F5575752D333AB83054,1
1471E7CA6280C2B05F42359EA83087ED,2
7A16AD34D76D9A6C87B399949287CE09,1
E0AE8EE352F1F0DF0B5A1A479BB1D963,1
37C5F7AD76B0D30C154C216661BF2818,1
5207B067279F351884B2583BC75EDE68,1
987E593D00F990913DB70E9FCD9777F7,2
9EFF440D12EA50206E98E120A076B50A,1
E632F6F195E82EE0FFE4EBBD4BDDCA8F,3
9743E29DCFC838AB4C42BD22D387E734,1
F544D04AD035F5024E0C14FB7F01E15A,3
AC2E717D06BEE3E9B588A69B23DD85C5,1
8673CCE49E8977090CA3F0DC8DD33B55,2
451416BA9A4DE0A9D0B92D1D89063401,1
2F66A7B3C61441DEA95217158E5FF025,3
9F7907D41A98DF75DF662A750D164FCE,2
B03BCDB977467D5F24956AADE98EC582,1
AC14CE7A35DFA00B86EC5B0DDAC6A1B8,1
40CE58F3A69ADEF54A3D00F6B8EF78BC,1
24507E3A014D52F5E5256A3532405FCB,1
EF270A525EC570AF84224AC78FBDAE38,4
13809A1EB5F69613FABFEED460071757,1
760148B66F8415F2341CDA50A71D72B4,1
D25011EC0D81D257DC30E8D8E9EC4751,3
70C427F06290FC480750E9E711288E73,2
30A03BD298081C5B37B90BBD1ACC8878,3
6085C019ED0A9B721C95C6B7D3AD10B0,3
543998B077538A684AC2AF3E47E68E0D,3
4B202AB3565E4B115EE270BCA05E0ED6,1
1351F6F8DBCF24150EB3F561CA1E2728,1
B8D327A170991E542F774F9554D61D94,1
B406FE921D8FD378A73F2F7C1F152F8A,4
82B36380F6296E5DF75DFD6ACE91D9DA,1
B9931DC6C3114CFC09F006AA89EC9ABE,2
22F03795BF237E4E3F3A69EC03B778FD,1
7B24FD1FAD7FF7F0577E8E54AE896542,1
E28DFE0221A0BFAB2205100F02BB5272,4
0985943228E7F978AB2F1AB94681457D,2
275CA4D84FE015EF325D7F1B8F70EC1F,3
D36915850E0E8730E6327D4BDF80494D,1
3AABC7768A2509962E0DB284A952692D,1
32BBBDC313F08D9ED0BFF74E06D6C460,3
4C10E8A6D55B6C7599C780C99D0852C5,1
8F91C506FABB813332571DCCAFE7494D,1
A9CC95D92C0EF37B9285C75ABAF9EFB4,1
D09CA46E7E8EEF687726779B0AC7933E,1
2F55E80F0A53E1F5D8C8068650E17616,1
E69F030737CF3965C91FD89A5E781911,1
FFC77F5CDA2897C3A5D9DA716A33D40B,4
6E55D141EC4B718B367ABA77214F750D,2
1521FC050C2CFAFCFE52F90A94660B91,2
6FA406F73DA8D3F17FC5D356D463D809,3
188A2F37D8B570DF41BEDF60C6C9A6A3,1
87FBF3772660D0C7C317296962DDC2E2,3
A8A9BD391B73B846CEBE27DE8F8D2897,2
071D22F6CB67D87BD14295F8FF935090,1
73B368601D0866A4AFED4AF1945F0859,3
0C00A66D41FA6AC3E97F830DE4E9A05A,1
DD6182A2BC7D2797C7648B73980A0C2D,2
